{"sections":{"16386975356ebdcefd":{"type":"slideshow","blocks":{"16386975342a9e5fef-0":{"type":"image","settings":{"title":"","title_size":80,"subheading":"","link":"","link_text":"","text_align":"vertical-center horizontal-center","image":"shopify:\/\/shop_images\/welcome_j_-_2023-05-22T100019.975.jpg","image_mobile":"shopify:\/\/shop_images\/welcome_j_-_2023-05-22T100019.975.jpg","overlay_opacity":0,"focal_point":"center center"}},"16386975342a9e5fef-1":{"type":"image","settings":{"title":"","title_size":80,"subheading":"","link":"","link_text":"","text_align":"vertical-center horizontal-left","image":"shopify:\/\/shop_images\/banner_2_j_-_2023-05-22T100015.232.jpg","image_mobile":"shopify:\/\/shop_images\/banner_2_j_-_2023-05-22T100015.232.jpg","overlay_opacity":0,"focal_point":"center center"}}},"block_order":["16386975342a9e5fef-0","16386975342a9e5fef-1"],"settings":{"section_height":"natural","mobile_height":"auto","parallax":false,"style":"arrows","autoplay":true,"autoplay_speed":5}},"9662b1dc-a431-4ba5-a54f-b103bc03e1c2":{"type":"rich-text","blocks":{"template--19151037694257__9662b1dc-a431-4ba5-a54f-b103bc03e1c2-1684737973d886d837-0":{"type":"heading","settings":{"title":"Personalize Home"}},"template--19151037694257__9662b1dc-a431-4ba5-a54f-b103bc03e1c2-1684737973d886d837-1":{"type":"text","settings":{"enlarge_text":true,"text":"<p>Lumamod is a trusted home decor company that enables our clients in Santa Barbara to make their homes their own.<\/p>"}}},"block_order":["template--19151037694257__9662b1dc-a431-4ba5-a54f-b103bc03e1c2-1684737973d886d837-0","template--19151037694257__9662b1dc-a431-4ba5-a54f-b103bc03e1c2-1684737973d886d837-1"],"settings":{"align_text":"center","narrow_column":false,"divider":false}},"163869339324a0eefe":{"type":"featured-collection","settings":{"title":"Best Selling","home_featured_products":"best-selling","per_row":4,"rows":2,"view_all":true,"divider":false}},"featured-collections":{"type":"featured-collections","disabled":true,"blocks":{"1499789718857-0":{"type":"collection","settings":{"collection":"frontpage","focal_point":"center center","size":"wide"}},"1499789718857-4":{"type":"collection","settings":{"collection":"kitchen-products","focal_point":"center center","size":"square-small"}},"1499789718857-1":{"type":"collection","settings":{"collection":"christmas-product","focal_point":"center center","size":"square-small"}},"1499789718857-2":{"type":"collection","settings":{"collection":"home-improvement","focal_point":"center center","size":"square-small"}},"1499789718857-3":{"type":"collection","settings":{"collection":"home-improvement-1","focal_point":"center center","size":"square-small"}},"1499789718857-5":{"type":"collection","settings":{"collection":"view-all","focal_point":"center center","size":"wide"}}},"block_order":["1499789718857-0","1499789718857-4","1499789718857-1","1499789718857-2","1499789718857-3","1499789718857-5"],"settings":{"title":"Our Collections","divider":false,"enable_gutter":true}},"16386935492977dc5b":{"type":"featured-collection","disabled":true,"settings":{"title":"Christmas Product","home_featured_products":"christmas-product","per_row":4,"rows":1,"view_all":true,"divider":false}},"collection-callout":{"type":"collection-callout","settings":{"collection":"new-arrivals","subtitle":"Lumamod","title":"New Arrivals","text":"Trends are always followed by us. Check out our newly launched products and choose the one that suits you best.","cta_text1":"","cta_link1":"","cta_text2":"Browse All","cta_link2":"shopify:\/\/collections\/all","layout":"right","divider":false}},"163869381739e3986a":{"type":"featured-product","blocks":{"16386938178ff42112-0":{"type":"price","settings":{}},"16386938178ff42112-1":{"type":"separator","settings":{}},"16386938178ff42112-2":{"type":"variant_picker","settings":{"variant_labels":true,"picker_type":"dropdown","color_swatches":false}},"16386938178ff42112-3":{"type":"buy_buttons","settings":{"show_dynamic_checkout":true,"surface_pickup_enable":true}},"16386938178ff42112-4":{"type":"description","settings":{"is_tab":true}}},"block_order":["16386938178ff42112-0","16386938178ff42112-1","16386938178ff42112-2","16386938178ff42112-3","16386938178ff42112-4"],"settings":{"featured_product":"mushroom-lamp","divider":false,"sku_enable":false,"image_size":"small","product_zoom_enable":true,"thumbnail_position":"below","thumbnail_arrows":false,"enable_video_looping":true,"product_video_style":"muted"}},"163869390877a1bb30":{"type":"featured-collection-switcher","settings":{"title":"MOST POPULAR","collection1":"deal-of-the-day","collection2":"best-selling","per_row":4,"view_all":true,"divider":false}},"hero-video":{"type":"hero-video","settings":{"title":"PREMIUM LAMPS","title_size":70,"subheading":"","link_text":"Shop Now","link":"shopify:\/\/collections\/all","text_align":"vertical-center horizontal-center","video_url":"https:\/\/cdn.shopify.com\/videos\/c\/o\/v\/17cebfbdcf5a445a83323bea92342247.mp4","overlay_opacity":30,"section_height":"650px","mobile_height":"auto"}},"163869402340d8ec31":{"type":"testimonials","blocks":{"16386940235fbf9b01-0":{"type":"testimonial","settings":{"icon":"5-stars","testimonial":"<p>I am absolutely in love with the Crystal Mushroom Lamp I purchased from this website! It adds a touch of elegance to my living room and creates a mesmerizing glow. The quality is exceptional, and I receive compliments from everyone who sees it. Highly recommended!<\/p>","image":"shopify:\/\/shop_images\/testimonial_2.png","author":"Wesley","author_info":""}},"16386940235fbf9b01-1":{"type":"testimonial","settings":{"icon":"5-stars","testimonial":"<p>The Bedside Mushroom Lamp I bought from this website has become the perfect addition to my bedroom. Its soft, warm light creates a cozy atmosphere, and I adore the unique mushroom design. The ordering process was seamless, and the lamp arrived promptly and well-packaged. I couldn't be happier with my purchase!<\/p>","image":"shopify:\/\/shop_images\/testimonial3.png","author":"Emma","author_info":""}},"16386940235fbf9b01-2":{"type":"testimonial","settings":{"icon":"5-stars","testimonial":"<p>The Vintage Mushroom Lamp I ordered from this website exceeded my expectations. It beautifully captures the retro aesthetic I was seeking for my home office. The craftsmanship is top-notch, and the lamp emits a nostalgic glow that instantly transports me back in time. This website offers a fantastic selection, and their customer service is outstanding.<\/p>","image":"shopify:\/\/shop_images\/testimonial_3.png","author":"James","author_info":""}},"16386940235fbf9b01-3":{"type":"testimonial","settings":{"icon":"5-stars","testimonial":"<p>The Mushroom Flower Lamp I received from this website is simply breathtaking. Its delicate petals and soft illumination create a tranquil and enchanting atmosphere in my living room. The ordering process was seamless, and the lamp was carefully packaged to ensure it arrived in perfect condition. I highly recommend this website for their exceptional products!<\/p>","image":"shopify:\/\/shop_images\/testimonial_img_1.png","author":"Angelina","author_info":""}}},"block_order":["16386940235fbf9b01-0","16386940235fbf9b01-1","16386940235fbf9b01-2","16386940235fbf9b01-3"],"settings":{"title":"Don't Take Our Word For It","round_images":true,"color_background":"#f9f9f9","color_text":"#1c1d1d"}},"1638697538d4978f07":{"type":"blog-posts","settings":{"title":"Read Our Blog","blog":"news","post_limit":3,"blog_show_tags":false,"blog_show_date":false,"blog_show_comments":false,"blog_show_author":false,"view_all":true,"divider":false}}},"order":["16386975356ebdcefd","9662b1dc-a431-4ba5-a54f-b103bc03e1c2","163869339324a0eefe","featured-collections","16386935492977dc5b","collection-callout","163869381739e3986a","163869390877a1bb30","hero-video","163869402340d8ec31","1638697538d4978f07"]}